currSessionId," currGameId"," Id"," Name"," Type"
241531OVI2Coop1Rand,,,,
241531OVI2Coop1Rand,,,,
241531OVI2Coop1Rand,,,,
241531OVI2Coop1Rand,,,,
241531OVI2Coop1Rand,,,,
241531OVI2Coop1Rand,,,,
241531OVI2Coop1Rand,,,,
241531OVI2Coop1Rand,,,,
241531OVI2Coop1Rand,,,,
241531OVI2Coop1Rand,,,,
241531OVI2Coop1Rand,,,,
241531OVI2Coop1Rand,,,,
241531OVI2Coop1Rand,,,,
241531OVI2Coop1Rand,,,,
241531OVI2Coop1Rand,,,,
241531OVI2Coop1Rand,,,,
241531OVI2Coop1Rand,,,,
241531OVI2Coop1Rand,,,,
241531OVI2Coop1Rand,,,,
241531OVI2Coop1Rand,,,,
241531OVI2Coop1Rand,,,,
241531OVI2Coop1Rand,,,,
241531OVI2Coop1Rand,,,,
241531OVI2Coop1Rand,,,,
241531OVI2Coop1Rand,,,,
241531OVI2Coop1Rand,,,,
241531OVI2Coop1Rand,,,,
241531OVI2Coop1Rand,,,,
241531OVI2Coop1Rand,,,,
241531OVI2Coop1Rand,,,,
241531OVI2Coop1Rand,,,,
241531OVI2Coop1Rand,,,,
241531OVI2Coop1Rand,,,,
241531OVI2Coop1Rand,,,,
241531OVI2Coop1Rand,,,,
241531OVI2Coop1Rand,,,,
241531OVI2Coop1Rand,,,,
241531OVI2Coop1Rand,,,,
241531OVI2Coop1Rand,,,,
241531OVI2Coop1Rand,,,,
241531OVI2Coop1Rand,,,,
241531OVI2Coop1Rand,,,,
241531OVI2Coop1Rand,,,,
241531OVI2Coop1Rand,,,,
241531OVI2Coop1Rand,,,,
241531OVI2Coop1Rand,,,,
241531OVI2Coop1Rand,,,,
241531OVI2Coop1Rand,,,,
241531OVI2Coop1Rand,,,,
241531OVI2Coop1Rand,,,,
241531OVI2Coop1Rand,,,,
241531OVI2Coop1Rand,,,,
241531OVI2Coop1Rand,,,,
241531OVI2Coop1Rand,,,,
241531OVI2Coop1Rand,,,,
241531OVI2Coop1Rand,,,,
241531OVI2Coop1Rand,,,,
241531OVI2Coop1Rand,,,,
241531OVI2Coop1Rand,,,,
241531OVI2Coop1Rand,,,,
241531OVI2Coop1Rand,,,,
241531OVI2Coop1Rand,,,,
241531OVI2Coop1Rand,,,,
241531OVI2Coop1Rand,,,,
241531OVI2Coop1Rand,,,,
241531OVI2Coop1Rand,,,,
241531OVI2Coop1Rand,,,,
241531OVI2Coop1Rand,,,,
241531OVI2Coop1Rand,,,,
241531OVI2Coop1Rand,,,,
241531OVI2Coop1Rand,,,,
241531OVI2Coop1Rand,,,,
241531OVI2Coop1Rand,,,,
241531OVI2Coop1Rand,,,,
241531OVI2Coop1Rand,,,,
241531OVI2Coop1Rand,,,,
241531OVI2Coop1Rand,,,,
241531OVI2Coop1Rand,,,,
241531OVI2Coop1Rand,,,,
241531OVI2Coop1Rand,,,,
241531OVI2Coop1Rand,,,,
241531OVI2Coop1Rand,,,,
241531OVI2Coop1Rand,,,,
241531OVI2Coop1Rand,,,,
241531OVI2Coop1Rand,,,,
241531OVI2Coop1Rand,,,,
241531OVI2Coop1Rand,,,,
241531OVI2Coop1Rand,,,,
241531OVI2Coop1Rand,,,,
241531OVI2Coop1Rand,,,,
241531OVI2Coop1Rand,,,,
241531OVI2Coop1Rand,,,,
241531OVI2Coop1Rand,,,,
241531OVI2Coop1Rand,,,,
241531OVI2Coop1Rand,,,,
241531OVI2Coop1Rand,,,,
241531OVI2Coop1Rand,,,,
241531OVI2Coop1Rand,,,,
241531OVI2Coop1Rand,,,,
241531OVI2Coop1Rand,,,,
241531OVI2Coop1Rand,,,,
241531OVI2Coop1Rand,,,,
241531OVI2Coop1Rand,,,,
241531OVI2Coop1Rand,,,,
241531OVI2Coop1Rand,,,,
241531OVI2Coop1Rand,,,,
241531OVI2Coop1Rand,,,,
241531OVI2Coop1Rand,,,,
241531OVI2Coop1Rand,,,,
241531OVI2Coop1Rand,,,,
241531OVI2Coop1Rand,,,,
241531OVI2Coop1Rand,,,,
241531OVI2Coop1Rand,,,,
241531OVI2Coop1Rand,,,,
241531OVI2Coop1Rand,,,,
241531OVI2Coop1Rand,,,,
241531OVI2Coop1Rand,,,,
241531OVI2Coop1Rand,,,,
241531OVI2Coop1Rand,,,,
241531OVI2Coop1Rand,,,,
241531OVI2Coop1Rand,,,,
241531OVI2Coop1Rand,,,,
241531OVI2Coop1Rand,,,,
241531OVI2Coop1Rand,,,,
241531OVI2Coop1Rand,,,,
241531OVI2Coop1Rand,,,,
241531OVI2Coop1Rand,,,,
241531OVI2Coop1Rand,,,,
241531OVI2Coop1Rand,,,,
241531OVI2Coop1Rand,,,,
241531OVI2Coop1Rand,,,,
241531OVI2Coop1Rand,,,,
241531OVI2Coop1Rand,,,,
241531OVI2Coop1Rand,,,,
241531OVI2Coop1Rand,,,,
241531OVI2Coop1Rand,,,,
241531OVI2Coop1Rand,,,,
241531OVI2Coop1Rand,,,,
241531OVI2Coop1Rand,,,,
241531OVI2Coop1Rand,,,,
241531OVI2Coop1Rand,,,,
241531OVI2Coop1Rand,,,,
241531OVI2Coop1Rand,,,,
241531OVI2Coop1Rand,,,,
241531OVI2Coop1Rand,,,,
241531OVI2Coop1Rand,,,,
241531OVI2Coop1Rand,,,,
241531OVI2Coop1Rand,,,,
241531OVI2Coop1Rand,,,,
241531OVI2Coop1Rand,,,,
241531OVI2Coop1Rand,,,,
241531OVI2Coop1Rand,,,,
241531OVI2Coop1Rand,,,,
241531OVI2Coop1Rand,,,,
241531OVI2Coop1Rand,,,,
241531OVI2Coop1Rand,,,,
241531OVI2Coop1Rand,,,,
241531OVI2Coop1Rand,,,,
241531OVI2Coop1Rand,,,,
241531OVI2Coop1Rand,,,,
241531OVI2Coop1Rand,,,,
241531OVI2Coop1Rand,,,,
241531OVI2Coop1Rand,,,,
241531OVI2Coop1Rand,,,,
241531OVI2Coop1Rand,,,,
241531OVI2Coop1Rand,,,,
241531OVI2Coop1Rand,,,,
241531OVI2Coop1Rand,,,,
241531OVI2Coop1Rand,,,,
241531OVI2Coop1Rand,,,,
241531OVI2Coop1Rand,,,,
241531OVI2Coop1Rand,,,,
241531OVI2Coop1Rand,,,,
241531OVI2Coop1Rand,,,,
241531OVI2Coop1Rand,,,,
241531OVI2Coop1Rand,,,,
241531OVI2Coop1Rand,,,,
241531OVI2Coop1Rand,,,,
241531OVI2Coop1Rand,,,,
241531OVI2Coop1Rand,,,,
241531OVI2Coop1Rand,,,,
241531OVI2Coop1Rand,,,,
241531OVI2Coop1Rand,,,,
241531OVI2Coop1Rand,,,,
241531OVI2Coop1Rand,,,,
241531OVI2Coop1Rand,,,,
241531OVI2Coop1Rand,,,,
241531OVI2Coop1Rand,,,,
241531OVI2Coop1Rand,,,,
241531OVI2Coop1Rand,,,,
241531OVI2Coop1Rand,,,,
241531OVI2Coop1Rand,,,,
241531OVI2Coop1Rand,,,,
241531OVI2Coop1Rand,,,,
241531OVI2Coop1Rand,,,,
241531OVI2Coop1Rand,,,,
241531OVI2Coop1Rand,,,,
241531OVI2Coop1Rand,,,,
241531OVI2Coop1Rand,,,,
241531OVI2Coop1Rand,,,,
241531OVI2Coop1Rand,,,,
241531OVI2Coop1Rand,,,,
241531OVI2Coop1Rand,,,,
241531OVI2Coop1Rand,,,,
241531OVI2Coop1Rand,,,,
241531OVI2Coop1Rand,,,,
241531OVI2Coop1Rand,,,,
241531OVI2Coop1Rand,,,,
241531OVI2Coop1Rand,,,,
241531OVI2Coop1Rand,,,,
241531OVI2Coop1Rand,,,,
241531OVI2Coop1Rand,,,,
241531OVI2Coop1Rand,,,,
241531OVI2Coop1Rand,,,,
241531OVI2Coop1Rand,,,,
241531OVI2Coop1Rand,,,,
241531OVI2Coop1Rand,,,,
241531OVI2Coop1Rand,,,,
241531OVI2Coop1Rand,,,,
241531OVI2Coop1Rand,,,,
241531OVI2Coop1Rand,,,,
241531OVI2Coop1Rand,,,,
241531OVI2Coop1Rand,,,,
241531OVI2Coop1Rand,,,,
241531OVI2Coop1Rand,,,,
241531OVI2Coop1Rand,,,,
241531OVI2Coop1Rand,,,,
241531OVI2Coop1Rand,,,,
241531OVI2Coop1Rand,,,,
241531OVI2Coop1Rand,,,,
241531OVI2Coop1Rand,,,,
241531OVI2Coop1Rand,,,,
241531OVI2Coop1Rand,,,,
241531OVI2Coop1Rand,,,,
241531OVI2Coop1Rand,,,,
241531OVI2Coop1Rand,,,,
241531OVI2Coop1Rand,,,,
241531OVI2Coop1Rand,,,,
241531OVI2Coop1Rand,,,,
241531OVI2Coop1Rand,,,,
241531OVI2Coop1Rand,,,,
241531OVI2Coop1Rand,,,,
241531OVI2Coop1Rand,,,,
241531OVI2Coop1Rand,,,,
241531OVI2Coop1Rand,,,,
241531OVI2Coop1Rand,,,,
241531OVI2Coop1Rand,,,,
241531OVI2Coop1Rand,,,,
241531OVI2Coop1Rand,,,,
241531OVI2Coop1Rand,,,,
241531OVI2Coop1Rand,,,,
241531OVI2Coop1Rand,,,,
241531OVI2Coop1Rand,,,,
241531OVI2Coop1Rand,,,,
241531OVI2Coop1Rand,,,,
241531OVI2Coop1Rand,,,,
241531OVI2Coop1Rand,,,,
241531OVI2Coop1Rand,,,,
241531OVI2Coop1Rand,,,,
241531OVI2Coop1Rand,,,,
241531OVI2Coop1Rand,,,,
241531OVI2Coop1Rand,,,,
241531OVI2Coop1Rand,,,,
241531OVI2Coop1Rand,,,,
241531OVI2Coop1Rand,,,,
241531OVI2Coop1Rand,,,,
241531OVI2Coop1Rand,,,,
241531OVI2Coop1Rand,,,,
241531OVI2Coop1Rand,,,,
241531OVI2Coop1Rand,,,,
241531OVI2Coop1Rand,,,,
241531OVI2Coop1Rand,,,,
241531OVI2Coop1Rand,,,,
241531OVI2Coop1Rand,,,,
241531OVI2Coop1Rand,,,,
241531OVI2Coop1Rand,,,,
241531OVI2Coop1Rand,,,,
241531OVI2Coop1Rand,,,,
241531OVI2Coop1Rand,,,,
241531OVI2Coop1Rand,,,,
241531OVI2Coop1Rand,,,,
241531OVI2Coop1Rand,,,,
241531OVI2Coop1Rand,,,,
241531OVI2Coop1Rand,,,,
241531OVI2Coop1Rand,,,,
241531OVI2Coop1Rand,,,,
241531OVI2Coop1Rand,,,,
241531OVI2Coop1Rand,,,,
241531OVI2Coop1Rand,,,,
241531OVI2Coop1Rand,,,,
241531OVI2Coop1Rand,,,,
241531OVI2Coop1Rand,,,,
241531OVI2Coop1Rand,,,,
241531OVI2Coop1Rand,,,,
241531OVI2Coop1Rand,,,,
241531OVI2Coop1Rand,,,,
241531OVI2Coop1Rand,,,,
241531OVI2Coop1Rand,,,,
241531OVI2Coop1Rand,,,,
241531OVI2Coop1Rand,,,,
